,games,wins,losses,draws,win_rate,avg_execution_time,avg_nodes_visited
Minimax vs Random,50.0,50.0,0.0,0.0,1.0,0.0013776683807373046,14.08
Minimax-AB vs Random,50.0,48.0,0.0,2.0,0.96,0.0013792705535888672,15.4
Q-Learning vs Random,50.0,27.0,23.0,0.0,0.54,0.0,
Minimax vs Default,10.0,10.0,0.0,0.0,1.0,0.006251835823059082,20.5
Minimax-AB vs Default,10.0,9.0,0.0,1.0,0.9,0.0002966642379760742,13.5
Q-Learning vs Default,10.0,0.0,10.0,0.0,0.0,0.0,
Minimax vs Q-Learning,10.0,10.0,0.0,0.0,1.0,0.003242683410644531,16.5
Minimax-AB vs Q-Learning,10.0,10.0,0.0,0.0,1.0,9.97304916381836e-05,17.7
